{
    "front-pinhole": [
        [
            -0.993682217597209,
            0.002616891321674705,
            0.11220058866660197,
            0.012227749771892593
        ],
        [
            0.008134212491060071,
            -0.9954201823789042,
            0.09525614882066244,
            -0.12589661007129335
        ],
        [
            0.1119362962852284,
            0.09556634687689994,
            0.9891087034475761,
            -0.2027465309333745
        ],
        [
            0.0,
            0.0,
            0.0,
            1.0
        ]
    ],
    "front-fisheye": [
        [
            -0.9999113819372281,
            -0.003681592295677514,
            -0.012807848469140402,
            0.045291867463833825
        ],
        [
            0.0047354867611960364,
            -0.9965187981183646,
            -0.083238502163937,
            -0.9151914298545066
        ],
        [
            -0.01245795270888814,
            -0.08329192334842761,
            0.9964476664416028,
            -0.21945784354084372
        ],
        [
            0.0,
            0.0,
            0.0,
            1.0
        ]
    ],
    "left-fisheye": [
        [
            -0.9956703922851379,
            0.053293441935804264,
            0.07615600936774988,
            -0.010807272383013822
        ],
        [
            -0.05848717984547008,
            -0.9959915228597988,
            -0.06768039765561186,
            -0.009953827535416319
        ],
        [
            0.072242982917406,
            -0.07184174101159879,
            0.9947965954364781,
            -0.18383432485666468
        ],
        [
            0.0,
            0.0,
            0.0,
            1.0
        ]
    ],
    "right-fisheye": [
        [
            0.9960286079005558,
            0.009212711824401596,
            0.08855963097350182,
            0.009924565344566608
        ],
        [
            -0.01285510237358608,
            0.9990907128188007,
            0.040647398784888315,
            -0.07341151608571626
        ],
        [
            -0.08810395942439536,
            -0.041624297588569635,
            0.9952414033223629,
            -0.11978197107243571
        ],
        [
            0.0,
            0.0,
            0.0,
            1.0
        ]
    ],
    "back-pinhole": [
        [
            -0.8423738993945783,
            0.08895540250491457,
            -0.5315022028387649,
            0.9294313854262817
        ],
        [
            0.09921770265169469,
            -0.9438200272246727,
            -0.315212445462161,
            0.7865411498742706
        ],
        [
            -0.5296817307734214,
            -0.3182602302842564,
            0.786223886009408,
            -4.9000335531781385
        ],
        [
            0.0,
            0.0,
            0.0,
            1.0
        ]
    ]
}