{
    "front-fisheye2m32": [
        [
            -0.10172965835444395,
            -0.03836049015140346,
            0.9940725633719271,
            1.4662646675621467
        ],
        [
            -0.9947672859343245,
            -0.005566784122880492,
            -0.10201446142198674,
            -0.09132854387279336
        ],
        [
            0.009447237970975372,
            -0.9992488343735222,
            -0.03759331081736633,
            -1.3344161849670948
        ],
        [
            0.0,
            0.0,
            0.0,
            1.0
        ]
    ],
    "left-fisheye2m32": [
        [
            0.03514535857159539,
            0.08725544849893727,
            -0.9955663592859623,
            -1.4428949803864486
        ],
        [
            0.9966198176412265,
            -0.07707433169249352,
            0.028426734343528222,
            0.08952136856358621
        ],
        [
            -0.07425202642971976,
            -0.9932001625308405,
            -0.08966906876332031,
            -0.4057253601905104
        ],
        [
            0.0,
            0.0,
            0.0,
            1.0
        ]
    ],
    "right-fisheye2m32": [
        [
            0.0016895740670718486,
            -0.08555427379515455,
            0.9963322189632368,
            1.5244101073889647
        ],
        [
            0.999753844660986,
            0.022191954678181393,
            0.0002109231639621121,
            -0.12755300117416501
        ],
        [
            -0.022128573497844358,
            0.996086155275101,
            0.08557080088645336,
            -0.48878837204063047
        ],
        [
            0.0,
            0.0,
            0.0,
            1.0
        ]
    ],
    "front-pinhole2m32": [
        [
            -0.468401828460902,
            -0.03987386141873324,
            0.8826132700196044,
            1.1295507378417033
        ],
        [
            -0.88120283517525,
            0.09332446499219947,
            -0.46343762537694705,
            -0.0571725604482505
        ],
        [
            -0.06389059486247924,
            -0.9948362953540859,
            -0.07884728282279266,
            -0.4180619403478457
        ],
        [
            0.0,
            0.0,
            0.0,
            1.0
        ]
    ],
    "back-pinhole2m32": [
        [
            0.6138502919567513,
            0.32731196307372573,
            -0.7183698225261244,
            3.12854400330086
        ],
        [
            0.7831223727059106,
            -0.13774254371724104,
            0.6064224589125724,
            -1.3311729294495065
        ],
        [
            0.09953974705868779,
            -0.9348223248876837,
            -0.34087881636576306,
            0.513279308036098
        ],
        [
            0.0,
            0.0,
            0.0,
            1.0
        ]
    ]
}