{
    "front-pinhole": [
        [
            -0.9190938648097984,
            0.09465649750459476,
            -0.38250373183927433,
            0.04445673221742098
        ],
        [
            -0.05096523347645619,
            -0.9911203204200929,
            -0.12280472494030606,
            0.015665404789759273
        ],
        [
            -0.39073006173056,
            -0.09337751316575807,
            0.9157552048724061,
            -0.5156890510177922
        ],
        [
            0.0,
            0.0,
            0.0,
            1.0
        ]
    ],
    "front-fisheye": [
        [
            -0.9999113819372281,
            -0.0036815922956775146,
            -0.0128078484691404,
            0.04529186746383382
        ],
        [
            0.004735486761196037,
            -0.9965187981183647,
            -0.08323850216393698,
            -0.9151914298545066
        ],
        [
            -0.012457952708888139,
            -0.0832919233484276,
            0.9964476664416027,
            -0.2194578435408437
        ],
        [
            0.0,
            0.0,
            0.0,
            1.0
        ]
    ],
    "left-fisheye": [
        [
            -0.995670392285138,
            0.053293441935804264,
            0.07615600936774988,
            -0.010807272383013822
        ],
        [
            -0.05848717984547008,
            -0.9959915228597988,
            -0.06768039765561186,
            -0.009953827535416319
        ],
        [
            0.072242982917406,
            -0.0718417410115988,
            0.9947965954364781,
            -0.18383432485666468
        ],
        [
            0.0,
            0.0,
            0.0,
            1.0
        ]
    ],
    "right-fisheye": [
        [
            0.9960286079005557,
            0.009212711824401594,
            0.08855963097350182,
            0.009924565344566606
        ],
        [
            -0.012855102373586082,
            0.9990907128188007,
            0.040647398784888315,
            -0.07341151608571626
        ],
        [
            -0.08810395942439536,
            -0.041624297588569635,
            0.9952414033223629,
            -0.11978197107243573
        ],
        [
            0.0,
            0.0,
            0.0,
            1.0
        ]
    ],
    "back-pinhole": [
        [
            -0.8423738993945782,
            0.08895540250491461,
            -0.5315022028387651,
            0.9294313854262821
        ],
        [
            0.09921770265169472,
            -0.9438200272246727,
            -0.3152124454621611,
            0.786541149874271
        ],
        [
            -0.5296817307734215,
            -0.31826023028425643,
            0.7862238860094082,
            -4.900033553178139
        ],
        [
            0.0,
            0.0,
            0.0,
            1.0
        ]
    ]
}