{
    "rightfisheye2m": [
        [
            -0.9859688273976943,
            -0.003366325697866745,
            -0.1668974855715562,
            -0.04848719976451938
        ],
        [
            0.16692114631077953,
            -0.00916404443812868,
            -0.9859276667903129,
            -0.6972818155096733
        ],
        [
            0.0017895416553326677,
            -0.9999520854209474,
            0.00959728474543427,
            -0.2792206304644047
        ],
        [
            0.0,
            0.0,
            0.0,
            1.0
        ]
    ],
    "frontfisheye2m": [
        [
            -0.10172965835444395,
            -0.038360490151403484,
            0.9940725633719272,
            1.4662646675621467
        ],
        [
            -0.9947672859343245,
            -0.0055667841228804905,
            -0.10201446142198674,
            -0.09132854387279338
        ],
        [
            0.009447237970975372,
            -0.9992488343735221,
            -0.03759331081736635,
            -1.334416184967095
        ],
        [
            0.0,
            0.0,
            0.0,
            1.0
        ]
    ],
    "leftfisheye2m": [
        [
            0.9990947151365118,
            -0.041746986751290176,
            0.008150500273350583,
            0.08045119139514126
        ],
        [
            -0.010090354029735009,
            -0.04645071332124128,
            0.9988699860045531,
            0.5729809638116796
        ],
        [
            -0.041321112511810046,
            -0.998048153638836,
            -0.04682968391666606,
            -0.3992053194408528
        ],
        [
            0.0,
            0.0,
            0.0,
            1.0
        ]
    ],
    "frontpinhole2m": [
        [
            0.02244524260331001,
            0.14011595645871033,
            0.9898798593817334,
            1.444427234478494
        ],
        [
            -0.9995770977446056,
            -0.015165236355866606,
            0.024811434679622324,
            -0.11838163798914289
        ],
        [
            0.01848825573673731,
            -0.9900194870175008,
            0.13971691816042106,
            -0.5450176588206752
        ],
        [
            0.0,
            0.0,
            0.0,
            1.0
        ]
    ],
    "backpinhole2m": [
        [
            0.6138502919567513,
            0.3273119630737257,
            -0.7183698225261241,
            3.1285440033008594
        ],
        [
            0.7831223727059107,
            -0.13774254371724098,
            0.6064224589125722,
            -1.3311729294495058
        ],
        [
            0.09953974705868776,
            -0.9348223248876837,
            -0.34087881636576295,
            0.5132793080360974
        ],
        [
            0.0,
            0.0,
            0.0,
            1.0
        ]
    ]
}