{
    "front-fisheye": [
        [
            -0.10172965835444395,
            -0.03836049015140346,
            0.9940725633719271,
            2.666264667562147
        ],
        [
            -0.9947672859343245,
            -0.005566784122880492,
            -0.10201446142198674,
            -0.09132854387279336
        ],
        [
            0.009447237970975372,
            -0.9992488343735222,
            -0.03759331081736633,
            0.4255838150329052
        ],
        [
            0.0,
            0.0,
            0.0,
            1.0
        ]
    ],
    "left-fisheye": [
        [
            0.03514535857159539,
            0.08725544849893727,
            -0.9955663592859623,
            -0.24289498038644863
        ],
        [
            0.9966198176412265,
            -0.07707433169249352,
            0.028426734343528222,
            0.08952136856358621
        ],
        [
            -0.07425202642971976,
            -0.9932001625308405,
            -0.08966906876332031,
            1.3542746398094896
        ],
        [
            0.0,
            0.0,
            0.0,
            1.0
        ]
    ],
    "right-fisheye": [
        [
            0.0016895740670718486,
            -0.08555427379515455,
            0.9963322189632368,
            2.7244101073889646
        ],
        [
            0.999753844660986,
            0.022191954678181393,
            0.0002109231639621121,
            -0.12755300117416501
        ],
        [
            -0.022128573497844358,
            0.996086155275101,
            0.08557080088645336,
            1.2712116279593695
        ],
        [
            0.0,
            0.0,
            0.0,
            1.0
        ]
    ],
    "front-pinhole": [
        [
            -0.468401828460902,
            -0.03987386141873324,
            0.8826132700196044,
            2.3295507378417035
        ],
        [
            -0.88120283517525,
            0.09332446499219947,
            -0.46343762537694705,
            -0.0571725604482505
        ],
        [
            -0.06389059486247924,
            -0.9948362953540859,
            -0.07884728282279266,
            1.3419380596521542
        ],
        [
            0.0,
            0.0,
            0.0,
            1.0
        ]
    ],
    "back-pinhole": [
        [
            0.6138502919567513,
            0.32731196307372573,
            -0.7183698225261244,
            4.32854400330086
        ],
        [
            0.7831223727059106,
            -0.13774254371724104,
            0.6064224589125724,
            -1.3311729294495065
        ],
        [
            0.09953974705868779,
            -0.9348223248876837,
            -0.34087881636576306,
            2.273279308036098
        ],
        [
            0.0,
            0.0,
            0.0,
            1.0
        ]
    ],
    "frontlidar": [
        [
            0.08912876,
            -0.04500001,
            0.99500296,
            2.83940544
        ],
        [
            0.99600595,
            0.00932842,
            -0.08879672,
            -0.14738936
        ],
        [
            -0.00528595,
            0.9989434,
            0.04565171,
            1.35006629
        ],
        [
            0.0,
            0.0,
            0.0,
            1.0
        ]
    ],
    "backlidar": [
        [
            -0.10616063,
            -0.02158067,
            -0.99411496,
            -0.42700954999999996
        ],
        [
            -0.99424816,
            0.0165518,
            0.10581554,
            0.09839354
        ],
        [
            0.01417081,
            0.99963008,
            -0.02321369,
            1.36011046
        ],
        [
            0.0,
            0.0,
            0.0,
            1.0
        ]
    ]
}