{
    "back": [
      [-0.10616063, -0.02158067, -0.99411496, -1.62700955],
      [-0.99424816, 0.0165518, 0.10581554, 0.09839354],
      [0.01417081, 0.99963008, -0.02321369, -0.39988954],
      [0.0, 0.0, 0.0, 1.0]
    ],
    "front": [
      [0.08912876, -0.04500001, 0.99500296, 1.63940544],
      [0.99600595, 0.00932842, -0.08879672, -0.14738936],
      [-0.00528595, 0.9989434, 0.04565171, -0.40993371],
      [0.0, 0.0, 0.0, 1.0]
    ]
  }