{
    "front-pinhole": [
	[-0.919092,-0.050965,-0.390732,-0.159838],
	[0.0946553,-0.991122,-0.0933748,-0.0368341],
	[-0.382502,-0.122808,0.915758,0.491175],
	[0,0,0,1]
    ],
    "front-fisheye": [
	[-0.999911,0.0047353,-0.0124568,0.0468878],
	[-0.00368168,-0.996518,-0.0832917,-0.930117],
	[-0.012809,-0.0832386,0.996447,0.143079],
	[0,0,0,1]
    ],
    "left-fisheye": [
	[-0.995671,-0.0584873,0.0722438,0.00193823],
	[0.0532934,-0.995991,-0.0718415,-0.0225449],
	[0.0761552,-0.0676806,0.994796,0.183027],
	[0,0,0,1]
    ],
    "right-fisheye": [
	[0.996028,-0.0128551,-0.0881046,-0.0213822],
	[0.00921273,0.999091,-0.0416244,0.0682675],
	[0.0885589,0.0406473,0.995241,0.121317],
	[0,0,0,1]
    ],
    "back-pinhole": [
	[-0.842373,0.0992171,-0.529682,-1.89057],
	[0.0889549,-0.943821,-0.318261,-0.899813],
	[-0.531501,-0.315212,0.786223,4.59444],	
	[0,0,0,1]
    ]
}
