{
    "back": [
      [-0.10616063, -0.02158067, -0.99411496, -1.62700955],
      [-0.99424816, 0.0165518, 0.10581554, 0.09839354],
      [0.01417081, 0.99963008, -0.02321369, -0.39988954],
      [0.0, 0.0, 0.0, 1.0]
    ],
    "front": [
      [ 0.99996687,-0.00603907,-0.00544537, 0.03734792],
      [ 0.00608901, 0.99993927, 0.00920288, 0.01568317],
      [ 0.00538946,-0.00923574, 0.99994289,-0.03578219],
      [ 0       , 0      , 0      , 1        ]
    ]
  }
